instruction,preferred_response,non_preferred_response
How do I request time off for vacation?,"To request time off for vacation, you should follow your company's specific procedures for requesting time off. Typically, this involves submitting a formal request to your supervisor or HR department.

Here are the steps you can take to request time off for vacation:

1. Check your company's employee handbook or policies to understand the process for requesting time off. This will outline any specific requirements or forms that need to be completed.

2. Plan your vacation dates in advance and ensure they do not conflict with any important deadlines or projects at work.

3. Submit a written request for time off to your supervisor or HR department. Include the dates you will be requesting off and the reason for your time off (e.g., vacation).

4. Be sure to submit your request within the timeframe specified by your company's policies. Some companies may require a certain amount of notice for time off requests.

5. Be prepared to discuss your request with your supervisor if needed. They may have questions or need to discuss how your absence will be covered during your time off.

6. Once your request is approved, make sure to communicate with your team members about your absence and any tasks that need to be completed in your absence.

Remember to be professional and courteous throughout the process to ensure a smooth approval of your time off request.",Just ask your supervisor.
What is the company policy on remote work?,"The company policy on remote work allows employees to work remotely on a case-by-case basis, subject to approval from their manager. Employees must submit a formal request outlining their reasons for remote work, proposed schedule, and how they plan to maintain productivity. Remote work is typically limited to a certain number of days per month and may vary depending on the employee's role and responsibilities. It is important for employees to ensure they have the necessary equipment, internet connectivity, and a suitable workspace to effectively work remotely. Managers will assess each request based on business needs, job requirements, and individual circumstances to determine if remote work is feasible.",The policy allows for some remote work but depends on various factors.
Explain the process for submitting an expense report.,"Submitting an expense report typically involves the following steps:

1. Collect all receipts and documentation related to your expenses, such as receipts for meals, transportation, accommodation, and any other business-related expenses.

2. Fill out the expense report form provided by your company. Make sure to accurately record each expense, including the date, amount, purpose, and any necessary approvals or codes.

3. Attach all original receipts and documentation to the expense report. Make sure that each receipt is legible and clearly shows the details of the expense.

4. Submit the completed expense report along with the attached receipts to the designated person or department in your organization responsible for processing expense reports. This could be your manager, the finance department, or an online expense management system.

5. Ensure that you submit the expense report within the specified deadline set by your company's expense policy. Late submissions may result in delays in reimbursement.

6. Keep a copy of the submitted expense report for your records. This will help you track your expenses and follow up on any reimbursement issues if needed.

By following these steps and adhering to your company's expense policy guidelines, you can ensure a smooth and efficient process for submitting your expense report.",Just follow the usual steps outlined in the guidelines.
What are the guidelines for professional conduct in meetings?,"Guidelines for professional conduct in meetings include:

1. Be punctual: Arrive on time for the meeting to show respect for others' time.

2. Be prepared: Review the agenda and any relevant materials before the meeting to contribute effectively.

3. Listen actively: Pay attention to speakers, avoid interrupting, and ask clarifying questions when needed.

4. Be respectful: Treat all participants with courtesy and professionalism, even if you disagree with their opinions.

5. Avoid distractions: Silence your phone, avoid side conversations, and focus on the meeting's discussion.

6. Participate constructively: Share your ideas and opinions thoughtfully, and be open to others' perspectives.

7. Follow meeting etiquette: Raise your hand to speak, wait your turn, and adhere to any established meeting protocols.

8. Stay engaged: Take notes as needed, maintain eye contact, and show interest in the topics being discussed.

By following these guidelines, you can contribute positively to meetings and help ensure productive and respectful interactions among all participants.",Follow common sense and be respectful.
