case_id,category,evidence_hit,prompt_ready,retrieved_ids
EVAL-TRV-PORTAL-V3,knowledge,False,True,"HRIS-BAL-E001, VAC-PORTAL-V2"
EVAL-VAC-PORTAL-V2,knowledge,False,True,"HRIS-BAL-E001, HRIS-BAL-E002"
EVAL-HRIS-BAL-E001,knowledge,True,True,"HRIS-BAL-E001, HRIS-BAL-E002"
EVAL-HRIS-BAL-E002,knowledge,True,True,"HRIS-BAL-E001, HRIS-BAL-E002"
EVAL-CONV-001:travel_booking,behavioral,,True,"HRIS-BAL-E002, TRV-PORTAL-V3"
EVAL-CONV-001:vacation_balance,behavioral,,True,"HRIS-BAL-E001, HRIS-BAL-E002"
EVAL-CONV-002:password_reset,behavioral,,True,"HRIS-BAL-E001, HRIS-BAL-E002"
EVAL-CONV-005:expense_exception,behavioral,,True,"HRIS-BAL-E001, TRV-PORTAL-V3"
EVAL-PREF-a7ce288c8d25,preference,,True,"HRIS-BAL-E001, HRIS-BAL-E002"
EVAL-PREF-f2d6b1ab19cb,preference,,True,"HRIS-BAL-E001, HRIS-BAL-E002"
EVAL-PREF-28f5b98a78d2,preference,,True,"TRV-PORTAL-V3, VAC-PORTAL-V2"
EVAL-PREF-d9ab299364ef,preference,,True,"TRV-PORTAL-V3, VAC-PORTAL-V2"
EVAL-HELDOUT-TRAVEL-DEADLINE,knowledge,True,True,"TRV-PORTAL-V3, VAC-PORTAL-V2"
EVAL-HELDOUT-TRAVEL-APPROVAL,knowledge,True,True,"TRV-PORTAL-V3, VAC-PORTAL-V2"
EVAL-HELDOUT-VACATION-ACCRUAL,knowledge,True,True,"HRIS-BAL-E001, VAC-PORTAL-V2"
EVAL-HELDOUT-VACATION-CARRYOVER,knowledge,True,True,"HRIS-BAL-E002, VAC-PORTAL-V2"
EVAL-HELDOUT-E001-BALANCE,knowledge,True,True,"HRIS-BAL-E001, HRIS-BAL-E002"
EVAL-HELDOUT-E002-BALANCE,knowledge,True,True,"HRIS-BAL-E001, HRIS-BAL-E002"
EVAL-HELDOUT-POLICY-AND-BALANCE,knowledge,False,True,"HRIS-BAL-E001, HRIS-BAL-E002"
